{
  "basic": {
    "num_nodes": 19,
    "num_edges": 119,
    "is_dag": true,
    "directed": true
  },
  "components": {
    "count": 1,
    "largest_size": 19
  },
  "degree": {
    "in": {
      "min": 0,
      "max": 12,
      "mean": 6.2631578947368425,
      "median": 8.0,
      "stdev": 4.0372229285821275
    },
    "out": {
      "min": 0,
      "max": 14,
      "mean": 6.2631578947368425,
      "median": 8.0,
      "stdev": 5.52355820923965
    }
  },
  "longest_path": {
    "length": 1.05,
    "example": [
      "getUserByName",
      "loginUser",
      "updatePetWithForm",
      "getPetById",
      "findPetsByStatus",
      "updatePet",
      "uploadFile",
      "deletePet"
    ]
  },
  "_timings": {
    "longest_path_sec": 0.0,
    "betweenness_sec": 0.0,
    "degree_centrality_sec": 0.0,
    "pickle_serialize_sec": 0.0,
    "total_sec": 0.005369663238525391
  },
  "centrality": {
    "betweenness_top": [
      [
        "loginUser",
        0.019444444444444445
      ],
      [
        "updatePet",
        0.004738562091503268
      ],
      [
        "addPet",
        0.004738562091503268
      ],
      [
        "placeOrder",
        0.0031045751633986926
      ],
      [
        "findPetsByStatus",
        0.0027233115468409583
      ],
      [
        "getPetById",
        0.0027233115468409583
      ],
      [
        "updatePetWithForm",
        0.0027233115468409583
      ],
      [
        "findPetsByTags",
        0.0016339869281045752
      ],
      [
        "createUser",
        0.0006535947712418301
      ],
      [
        "deletePet",
        0.0
      ]
    ],
    "degree_top": [
      [
        "updatePet",
        0.9444444444444444
      ],
      [
        "addPet",
        0.9444444444444444
      ],
      [
        "findPetsByStatus",
        0.8888888888888888
      ],
      [
        "getPetById",
        0.8888888888888888
      ],
      [
        "updatePetWithForm",
        0.8888888888888888
      ],
      [
        "placeOrder",
        0.8888888888888888
      ],
      [
        "findPetsByTags",
        0.8333333333333333
      ],
      [
        "getOrderById",
        0.7777777777777777
      ],
      [
        "loginUser",
        0.7777777777777777
      ],
      [
        "createUser",
        0.7222222222222222
      ]
    ]
  },
  "detailed_size_in_memory": {
    "nodes": {
      "count": 19,
      "total_bytes": 14379,
      "avg_bytes_per_node": 756,
      "avg_node_id_bytes": 72,
      "avg_fields_per_node": 4.0
    },
    "edges": {
      "count": 119,
      "total_bytes": 132139,
      "avg_bytes_per_edge": 1110,
      "avg_fields_per_edge": 5.0
    },
    "overhead": {
      "per_node_bytes": 96,
      "per_edge_bytes": 40,
      "total_overhead_bytes": 6584
    },
    "total_estimated_bytes": 153102,
    "human_readable": "149.51KB"
  },
  "serialization": {
    "pickle_bytes": 21158
  },
  "extras": {
    "density": 0.347953216374269
  }
}