{
  "basic": {
    "num_nodes": 19,
    "num_edges": 18,
    "is_dag": true,
    "directed": true
  },
  "components": {
    "count": 1,
    "largest_size": 19
  },
  "degree": {
    "in": {
      "min": 0,
      "max": 2,
      "mean": 0.9473684210526315,
      "median": 1.0,
      "stdev": 0.39385867229199384
    },
    "out": {
      "min": 0,
      "max": 3,
      "mean": 0.9473684210526315,
      "median": 1.0,
      "stdev": 0.8254940600714801
    }
  },
  "longest_path": {
    "length": 11,
    "example": [
      "getUserByName",
      "loginUser",
      "updatePetWithForm",
      "getPetById",
      "findPetsByStatus",
      "updatePet",
      "addPet",
      "findPetsByTags",
      "placeOrder",
      "createUser",
      "createUsersWithListInput",
      "updateUser"
    ]
  },
  "_timings": {
    "longest_path_sec": 0.0,
    "betweenness_sec": 0.0,
    "degree_centrality_sec": 0.0,
    "pickle_serialize_sec": 0.001001596450805664,
    "total_sec": 0.008395910263061523
  },
  "centrality": {
    "betweenness_top": [
      [
        "findPetsByTags",
        0.23529411764705882
      ],
      [
        "placeOrder",
        0.23529411764705882
      ],
      [
        "addPet",
        0.22875816993464054
      ],
      [
        "updatePet",
        0.21568627450980393
      ],
      [
        "findPetsByStatus",
        0.19607843137254902
      ],
      [
        "getPetById",
        0.16993464052287582
      ],
      [
        "updatePetWithForm",
        0.13725490196078433
      ],
      [
        "createUser",
        0.13071895424836602
      ],
      [
        "createUsersWithListInput",
        0.07189542483660132
      ],
      [
        "loginUser",
        0.05228758169934641
      ]
    ],
    "degree_top": [
      [
        "placeOrder",
        0.2222222222222222
      ],
      [
        "updatePetWithForm",
        0.16666666666666666
      ],
      [
        "createUser",
        0.16666666666666666
      ],
      [
        "createUsersWithListInput",
        0.16666666666666666
      ],
      [
        "loginUser",
        0.16666666666666666
      ],
      [
        "updatePet",
        0.1111111111111111
      ],
      [
        "addPet",
        0.1111111111111111
      ],
      [
        "findPetsByStatus",
        0.1111111111111111
      ],
      [
        "findPetsByTags",
        0.1111111111111111
      ],
      [
        "getPetById",
        0.1111111111111111
      ]
    ]
  },
  "detailed_size_in_memory": {
    "nodes": {
      "count": 19,
      "total_bytes": 2591,
      "avg_bytes_per_node": 136,
      "avg_node_id_bytes": 72,
      "avg_fields_per_node": 0.0
    },
    "edges": {
      "count": 18,
      "total_bytes": 3790,
      "avg_bytes_per_edge": 210,
      "avg_fields_per_edge": 0.0
    },
    "overhead": {
      "per_node_bytes": 96,
      "per_edge_bytes": 40,
      "total_overhead_bytes": 2544
    },
    "total_estimated_bytes": 8925,
    "human_readable": "8.72KB"
  },
  "serialization": {
    "pickle_bytes": 1182
  },
  "extras": {
    "density": 0.05263157894736842
  }
}